{
  "0": 0.12993039443155452,
  "1": 0.621301775147929
}