{
  "features_used": [
    "component_A",
    "avg_pH"
  ],
  "logreg_auc": 0.7893999632139674,
  "logreg_accuracy": 0.7983333333333333
}