supplier_lot,component_A
LOT_1,0.709275
LOT_2,0.710074
LOT_3,0.721023
LOT_4,0.715674
LOT_5,0.713408
